{"loss": [2.645031213760376, 1.278708577156067, 1.5962603092193604, 1.5662919282913208, 0.6623109579086304, 0.42295488715171814], "accuracy": [0.2068965584039688, 0.48275861144065857, 0.4482758641242981, 0.4482758641242981, 0.6551724076271057, 0.8275862336158752], "val_loss": [0.6483829617500305, 0.6536893844604492, 0.6826136112213135, 0.6647064089775085, 0.6801932454109192, 0.7183496356010437], "val_accuracy": [0.6666666865348816, 0.6666666865348816, 0.6666666865348816, 0.6666666865348816, 0.6666666865348816, 0.3333333432674408]}