{"loss": [0.930993378162384, 0.8498464226722717, 0.8245730996131897, 0.8331318497657776, 0.8724774122238159, 0.7879437804222107, 0.7917166948318481, 0.7885282635688782, 0.7518420815467834, 0.688277006149292, 0.7479326725006104], "accuracy": [0.5089820623397827, 0.5768463015556335, 0.5588822364807129, 0.5588822364807129, 0.5548902153968811, 0.5908183455467224, 0.6047903895378113, 0.6347305178642273, 0.6167664527893066, 0.6506986021995544, 0.6367265582084656], "val_loss": [0.689132034778595, 0.7007068991661072, 0.8342089653015137, 0.9309031963348389, 1.0116856098175049, 1.1050587892532349, 1.4245755672454834, 1.6036604642868042, 1.7159818410873413, 1.8720229864120483, 2.140104293823242], "val_accuracy": [0.5514018535614014, 0.5514018535614014, 0.5514018535614014, 0.5514018535614014, 0.5514018535614014, 0.5514018535614014, 0.5514018535614014, 0.5514018535614014, 0.5514018535614014, 0.5514018535614014, 0.5514018535614014]}